dh_a,dh_alpha,dh_d,dh_theta
0.0,1.5707963,0.10391,0.0
0.2,0.0,0.0,0.0
0.2,0.0,0.0,0.0
0.0,1.5707963,0.065,0.0
0.10915,0.0,0.0,0.0